page_id,title
21488,Nanotechnology
60786392,Nanotechnology in warfare
14431229,Outline of nanotechnology
7064233,History of nanotechnology
49615253,5D optical data storage
11591432,Acoustic droplet ejection
63883339,Nanotechnology in agriculture
54457921,Alternating current electrospinning
67958010,Antimicrobial nanotechnology
38324933,Applications of nanotechnology
11448262,Artificial enzyme
3211,Atom probe
63675213,Atomic manipulation
39455714,Auger architectomics
10203313,Biological computing
59761651,Warwick Bowen
39271639,A Boy and His Atom
508390,Brownian motor
432276,Brownian ratchet
1249261,Bulk micromachining
51056408,Carbon nanotubes in interconnects
64240712,Centre for Nanosciences and Nanotechnologies
5624034,Chemical compound microarray
52937983,Chemosynthesis (nanotechnology)
51623139,Clinatec
13751165,Coherent diffraction imaging
15368504,Computational gene
73438573,Dark-field X-ray microscopy
1440307,Dielectrophoresis
49261105,Directed assembly of micro- and nano-structures
71988529,Directional freezing
45522513,Electro sinter forging
9673324,Electron beam-induced deposition
1352090,Electrospinning
10209776,Energy applications of nanotechnology
263902,Evanescent field
183275,Exploratory engineering
17837667,Extended metal atom chains
9590785,Feature-oriented positioning
8984619,Feature-oriented scanning
1498102,Femtotechnology
9548739,Feynman Prize in Nanotechnology
46306612,Fidgetin-like 2
53307338,FlowFET
7901142,Fluorescence interference contrast microscopy
67555055,Focal molography
7920461,Gas cluster ion beam
961961,Gene gun
63399479,Glossary of nanotechnology
68446173,Grating-coupled interferometry
175996,Gray goo
19606838,Grazing-incidence small-angle scattering
51408572,HeiQ Materials AG
2036687,Hydrogen-terminated silicon surface
36510964,IBM (atoms)
37384533,IEEE P1906.1
7200558,Impact of nanotechnology
7067473,Industrial applications of nanotechnology
1686404,Integrated nanoliter system
53384839,"International Union for Vacuum Science, Technique and Applications"
57091934,Ion implantation-induced nanoparticle formation
33558290,Ion track
7507272,Ion-beam sculpting
24135147,Kodecyte
1041078,Lab-on-a-chip
2227503,Langmuir–Blodgett film
14756976,Linear acetylenic carbon
63801647,Linear chain compound
2174453,Lotus effect
41596497,Magnetic 3D bioprinting
22682042,Magnetolithography
20433319,Materiomics
96558,Maxwell's demon
312671,Mechanosynthesis
31894500,MEMS for in situ mechanical characterization
70691371,Meta-waveguide
3238520,Microfabrication
18906,Microfluidics
410778,Micromachinery
46840724,Micromotor
156428,Microtechnology
11763579,Microvesicle
1592956,Millipede memory
294218,Molecular assembler
177515,Molecular engineering
1762926,Molecular machine
19637,Molecular nanotechnology
12222140,Molecular spring
49808784,Multi-parametric surface plasmon resonance
43940392,Nano flake
67352502,Nano tape
3544225,Nano-abacus
62307595,Nano-interfaces in bone
53121641,Nano-suction technology
22730221,Nanoarchitectures for lithium-ion batteries
3485752,Nanoart
21399554,Nanobama
30737379,Nanobiomechanics
2154572,Nanobiotechnology
3037149,Nanocar
58797296,Nanocar Race
4653948,Nanochemistry
12682423,Nanochondrion
21561,Nanoengineering
79328533,Nanofilm
8702779,Nanofiltration
24833024,Nanofluidic circuitry
10172238,Nanofluidics
33511110,Nanofoundry
52122213,Nanohole
21370273,Nanoindenter
60362836,Nanoinformatics
47654333,Nanolamination
10215914,NanoLanguage
6736363,Nanomanufacturing
14661057,Nanomechanics
21514,Nanomedicine
11172708,Nanometrology
18536695,Nanomorphic cell
67633513,Nanoneuroscience
44594133,Nanophotonic resonator
52772118,Nanopipette
625341,Nanopore
733009,Nanopore sequencing
3765946,Nanoprobe (device)
11519910,NanoPutian
33599550,Nanoreactor
1006597,Nanorobotics
1545858,Nanoruler
26968133,Nanonetwork
603278,Nanosensor
79987827,Nanosphere
12368774,Nanosubmarine
905278,Nanotechnology education
63888621,Nanotechnology in cosmetics
38262855,Nanothermometry
41067335,Nanotopography
2536597,Nanotribology
55567666,Newlab
44524545,Optoelectrowetting
33980770,Organ-on-a-chip
1498080,Picotechnology
69092857,Plasmonic catalysis
30869356,Plasmonic metamaterial
44522280,Plasmonics
14669487,Productive nanosystems
1659679,Protein microarray
70704600,Protein nanoparticles
399116,Quantum solvent
55481097,RNA origami
42951933,Robotic sperm
35033195,Roller electrospinning
80520491,RxScanner
42744699,Salvinia effect
46777482,SAMSON
60944280,Scanning helium microscopy
7886048,Scanning probe lithography
24117996,SEEC microscopy
3312554,Selective leaching
74143959,Selective organ targeting
1753270,Self-assembled monolayer
351914,Self-assembly
53391053,Shu Jie Lam
33987226,Silanization of silicon and mica
51167783,Silicon nanowire
55274673,Single colour reflectometry
32997323,Single-molecule electric motor
19079770,Societal impact of nanotechnology
56859193,Solvated metal atom dispersion
32747596,Structural coloration
1249227,Surface micromachining
1991073,Surface plasmon resonance
31562046,Synthetic ion channels
3200021,Synthetic molecular motor
2547900,Synthetic setae
24812935,Technomimetics
62507181,TectoRNA
10635829,Teeny Ted from Turnip Town
35756148,Thermal conductance quantum
29284770,Thermal scanning probe lithography
22898551,Thermal transport in nanostructures
32855569,Thermochemical nanolithography
1033036,Thin film
13007524,Tomlinson model
23735926,Trojan wave packet
39154794,Tunable resistive pulse sensing
518104,Utility fog
56007469,Virus nanotechnology
30380229,Wet nanotechnology
72616588,Mayra Álvarez
2164351,Phaedon Avouris
68087771,Katalin Balázsi
67164923,Sara Bals
74939785,Ray Baughman
81306976,Jeannette Benavides
80347721,Harish Bhaskaran
19577291,Walter De Brouwer
81750753,Per Delsing
61717182,Marija Drndic
47153428,Nashwa Eassa
20219113,Thomas Ebbesen
72447224,Ana Flávia Nogueira
80360639,Aaron D. Franklin
22327648,Ille Gebeshuber
44899778,Yury Gogotsi
64685180,Renata Gomes
73752273,Teodor Gotszalk
81288642,Robert J. Hamers
69049663,Andrea Hodge
68780641,Liv Hornekær
33069429,Hyeon Taeghwan
15759971,Mamadsho Ilolov
72980753,Oxana Kharissova
55751988,Tessy María López Goerne
75049006,Christopher B. Murray
68928715,Bridget Mutuma
81109022,Ki Tae Nam
79600463,Douglas Natelson
66732565,Chiara Neto
10720277,Tom Newman (scientist)
61310609,Nguyen TK Thanh
81377611,Rose Osuji
64473976,Mark Petrokovets
2251815,Chris Phoenix (nanotechnologist)
78010827,Stephan Roche
29267271,Leonard H. Rome
68447213,Adriana Cristina Serquis
54932727,Gagik Shmavonyan
50312945,Supeno Surija
81317939,Ruchira Wijesena
81027425,Wolf-Dieter Schneider (physicist)
3183280,Miguel José Yacamán
63215116,Linda Zou
7664801,3M
71884733,Acuitas Therapeutics
38402309,Alphabet Energy
29771132,Amroy Europe
5667842,ApNano
2875651,ASML
17737696,Aspex
5920338,Atomistix
10215849,Atomistix ToolKit
4671396,Atomistix Virtual NanoLab
44309225,Ayoxxa Biosystems
23748305,Bayer
8045367,BIOVIA
36974622,CytoViva
9246109,Eikos
3846227,EyePoint Pharmaceuticals
42492930,HZO
31790695,Izon Science
57094192,Kastus
47487717,Keystone Nano
52174112,Multibeam Corporation
34347641,NanoAndMore
31387219,Nanobiotix
26697376,Nanoco
2154537,NanoInk
30784853,NanoIntegris
23172649,NanoScale Corporation
34346840,Nanosensors (company)
43014538,NanoSight
869886,Nanosys
50049257,Nanotronics Imaging
34335144,NanoWorld
44515952,OCSiAl
26974467,Optogan
860879,Oxford Instruments
26057471,P2i
48649435,Research Frontiers
14233462,RTI Surgical
68762405,Theranautilus
6207166,Veredus Laboratories
38428702,Xolve
29162730,Zyvex
26338806,Zyvex Technologies
26901564,DNA nanotechnology
27216689,Coding theory approaches to nucleic acid design
253418,DNA computing
3293508,DNA machine
4415615,DNA origami
47851444,DNA walker
42283768,Doctor in a cell
81717447,Guanine radical cation
17982852,Nucleic acid design
29145096,NUPACK
38959571,Transcriptor
16065393,Green nanotechnology
45714927,Mercury nano-trap water filtration
43424809,Nanoremediation
55566398,Nanotechnology for water purification
19079647,Pollution from nanomaterials
18069384,Regulation of nanotechnology
21924889,Nanopunk
3165257,Nanotechnology in fiction
47614930,Amnesia (Code Lyoko)
52192882,Ana (Overwatch)
44254295,Avengers: Endgame
22829145,Baldr Sky
5502159,Battle Angel Alita: Last Order
48666402,Battle Angel Alita: Mars Chronicle
49660110,Big Hero 6: The Series
3117149,Biomega (manga)
42786109,Blackhole (video game)
723377,Blame!
44449,Blood Music (novel)
1963048,Bloom (novel)
4923157,By the Light of the Moon (novel)
43645565,The Causal Angel
5436452,Cerebro's X-Men
44103659,The Chronicle of the Fallers
2682492,Commonwealth Saga
3837885,Crysis (video game)
14421816,Crysis 2
14421821,Crysis 3
58623,The Culture
36691288,Cyberpunk 2077
64382191,Cyberpunk: Edgerunners
1866458,Dark Sector
1543682,DC One Million
35896442,Destiny (video game)
49400008,Destiny 2
52224,The Diamond Age
1014591,Eden (Lem novel)
1449930,Eden: It's an Endless World!
4589813,Eon (novel)
5459336,Eternity (novel)
20835611,Extremis
50978516,Faking Miracles
2080,A Fire Upon the Deep
5385860,Forge of Heaven
35259878,The Fractal Prince
32910742,G.I. Joe: Retaliation
13734892,G.I. Joe: The Rise of Cobra
72081917,Goddess of Victory: Nikke
45032290,Grey Goo
6106920,Hammerfall (novel)
922920,Hostile Waters: Antaeus Rising
228995,Hyperion Cantos
755109,Ilium (novel)
12837452,Ilium/Olympos
31440066,Implied Spaces
1752305,Infinite Crisis
220116,The Invincible
65615059,Iron Man's armor (Marvel Cinematic Universe)
732107,James Bond 007: Everything or Nothing
68738451,James Bond 007: Everything or Nothing (Game Boy Advance video game)
17014283,Kiki the nano bot
19406821,The Killing Star
9839076,Limit of Vision
50689963,Mercy (Overwatch)
23048153,Metal Gear Rising: Revengeance
1575603,Metal Gear Solid 4: Guns of the Patriots
19114338,Microcosm (video game)
43573181,Mirror's Edge Catalyst
52702026,Nanorobotic terminators
56300,Nanotech (anthology)
37984303,The Nexus Trilogy
593924,Observation on the Spot
414658,Orion's Arm
59722664,Osmosis (TV series)
40201915,Outlast
19230387,Permanence (novel)
33351584,Postsingular
367519,Prey (novel)
30020699,The Quantum Thief
751104,Queen of Angels (novel)
26008898,Ra.One
13302082,Revelation Space series
35761027,Revolution (TV series)
8684736,Rex Ronan: Experimental Surgeon
376870,Perry Rhodan
547539,Rifts (role-playing game)
47956963,John Ringo bibliography
9454227,River of Gods
52438070,Scooby Apocalypse
46185063,Shadowrun
35252530,Silo (series)
244338,T-1000
47176071,T-3000
246363,Terminator (franchise)
34344124,Terminator 2: Judgment Day
44609083,Terminator Genisys
380013,The Time Ships
38736007,Torment: Tides of Numenera
627206,Transhuman Space
6324034,Uglies
598460,Vampire Hunter D
37649990,Vast (novel)
3610212,Void Trilogy
38333096,Warframe
301618,The Way (novel series)
7851378,The Wellstone
34168,Xenogears
22679256,AlloSphere
2869732,American National Standards Institute Nanotechnology Panel
2225423,AMOLF
47929654,British Society for Nanomedicine
18618196,California NanoSystems Institute
51484732,Catalan Institute of Nanoscience and Nanotechnology
23823849,Catalan Institute of Nanotechnology
29388754,CEA-Leti: Laboratoire d'électronique des technologies de l'information
4120631,CeNTech
59717330,Center for Chemistry at the Space-Time Limit
39552728,Center for High-rate Nanomanufacturing
4544290,Center for NanoScience
31746484,Center for Nanotechnology in Society
21483862,Center for Probing the Nanoscale
37236301,Center of Excellence in Nanotechnology for Energy
38904907,Centre for Advanced 2D Materials
33664739,Centre for Nanoscience and Quantum Information
63334526,Cluster of Excellence Frankfurt Macromolecular Complexes
11751,Foresight Institute
42525300,Indian Association for the Cultivation of Science
18844184,Institut d'électronique de microélectronique et de nanotechnologie
28955459,Institut des nanotechnologies de Lyon
39827483,Institute of Nano Science and Technology
19355977,International Center for Materials Nanoarchitectonics
28384440,International Center for Technology Assessment
23850329,International conference on Physics of Light–Matter Coupling in Nanostructures
13779708,International Council on Nanotechnology
15672113,International Iberian Nanotechnology Laboratory
44158633,International Institute for Nanotechnology
34597671,"International Society for Nanoscale Science, Computation, and Engineering"
19970839,Istituto Italiano di Tecnologia
2458009,Kavli Institute of Nanoscience
19553124,Laboratory of Nano and Quantum Engineering
7075936,London Centre for Nanotechnology
1178368,MacDiarmid Institute for Advanced Materials and Nanotechnology
9512445,Manufacturing Engineering Centre
40007724,Mike & Ophelia Lazaridis Quantum-Nano Centre
2567355,Minatec
25738645,Nano and Micro Devices Center
48530585,Nano/Bio Interface Center
30709676,NanoGagliato
19148552,NanoHUB
25100645,NanoNed
11969823,Nanosystems Initiative Munich
35827608,Nanotechnology Industries Association
25584679,National Center for Nanoscience and Technology
40532409,National Graphene Institute
19326228,National Institute for Materials Science
3602968,National Institute for Nanotechnology
1032221,National Nanotechnology Initiative
28418999,NBI Knowledgebase
11241476,Project on Emerging Nanotechnologies
30957475,Russell Berrie Nanotechnology Institute
20047082,Science Policy Research Unit
54963902,Sri Lanka Institute of Nanotechnology
11220178,Swiss Nanoscience Institute
54007125,Sydney Nanoscience Hub
554371,Thailand National Nanotechnology Center
30865837,University of Copenhagen Nano-Science Center
25159096,University of Dayton Research Institute
55900182,University of Sydney Nano Institute
19358368,Waterloo Institute for Nanotechnology
52728470,Zernike Institute for Advanced Materials
60574037,Aligner (semiconductor)
57311656,Alvéole Lab
36051507,Chemistry of photolithography
20606961,Computational lithography
33897723,Coordinatograph
2164976,Dip-pen nanolithography
1093768,Electron-beam lithography
2154371,Extreme ultraviolet lithography
642936,Immersion lithography
4432469,Interference lithography
71929531,Inverse lithography
42347710,Laser printing of single nanoparticles
4210737,LIGA
23475732,Local oxidation nanolithography
6591389,Mask shop
1903362,Maskless lithography
64559901,Micralign
7057811,Microcontact printing
11268558,Microlithography
4719126,Micropatterning
17181411,Multilayer soft lithography
22124835,Multiphoton lithography
7908943,Multiple patterning
30721542,Nanofountain probe
2669179,Nanoimprint lithography
2104510,Nanolithography
42413466,Nanosphere lithography
2154436,Next-generation lithography
24834390,Off-axis illumination
3263872,Optical proximity correction
12816331,PDMS stamp
2945076,Phase-shift mask
15509033,Photoacid
23748,Photolithography
642903,Photomask
23781,Photoresist
19953006,Plasmonic nanolithography
25609547,Proton beam writing
12146473,Proximity effect (electron beam lithography)
14979971,Quantum lithography
1689314,Soft lithography
49040767,Spacer patterning
20151587,Stencil lithography
2284519,Stepper
44426201,Virtual metrology
26418605,X-ray lithography
36605,Molecular electronics
20695220,AMOLED
37628061,Guillermo Bazan
3946504,Break junction
1169436,Charge-transfer complex
732746,Conductive polymer
2349940,Cyclooctatetraene
3574347,Endohedral hydrogen fullerene
1194789,Flexible organic light-emitting diode
3235923,Fluorene
18814341,Frit compression
1408225,James Gimzewski
1183272,Alan J. Heeger
18675609,Light-emitting electrochemical cell
6459229,John McGinness
16015428,Molecular conductance
4830276,Molecular logic gate
2331095,Molecular memory
25444252,Molecular processor
13052519,Naphthalocyanine
26225095,NOMFET
191646,OLED
1601998,Organic field-effect transistor
27264213,Organic light-emitting transistor
1104369,Organic semiconductor
2741241,Phosphorescent organic light-emitting diode
4457582,Photochemical logic gate
28413819,Poly(p-phenylene oxide)
733259,Polyphenylene sulfide
733062,Poly(p-phenylene vinylene)
733183,Polyacetylene
733241,Polyaniline
67476938,Polymer electrolytes
733208,Polypyrrole
733204,Polythiophene
52253271,Richard S. Potember
36603,Rotaxane
18695732,Molecular-scale electronics
2408819,Supramolecular electronics
7454236,Tetrathiafulvalene
6787565,Unimolecular rectifier
78590623,Diradicaloid
59814243,Molecular demon
2765047,Molecular motor
13280509,Molecular propeller
9414430,Molecular sensor
12124272,Molecular shuttle
12138221,Molecular switch
2635128,Molecular tweezers
3017886,Motor protein
28604428,Nano guitar
8327305,Nanoelectronics
32743838,Atomic-terrace low-angle shadowing
56791124,Ballistic collection transistor
3345023,Ballistic conduction
31313402,Ballistic conduction in single-walled carbon nanotubes
1216282,Ballistic deflection transistor
44592416,Band-gap engineering
35955101,Bloch–Grüneisen law
25379184,Carbon nanotube nanomotor
17279558,Carbon nanotubes in photovoltaics
2092835,Comb drive
3873342,Conductance quantum
2133700,Coulomb blockade
8559342,Deal–Grove model
14069368,Deep-sub-voltage nanoelectronics
33636267,Feedback-controlled electromigration
4597716,Fermi point
37821607,Field-induced polymer electroluminescent technology
64017065,Geometric diode
38749092,Graphene antenna
6411538,Hydrogen sensor
23181940,Ignition Park
58030745,Ionic Coulomb blockade
45478390,Junctionless nanowire transistor
35176246,Landauer formula
18567260,Lateral quantum dot
31804992,Luminescent solar concentrator
16783683,Magnetic nanoring
39179456,Magnetic spin vortex disc
7389351,MEMS electrothermal actuator
13818990,Molecular wire
8674917,Nanobatteries
10214429,Nanocircuitry
6241959,Nanocomputer
2740204,Nanoelectrochemistry
44390248,Nanoelectromechanical relay
908385,Nanoelectromechanical systems
50224430,Nanoelectromechanical systems mass spectrometer
39313159,Nanofluids in solar collectors
30057479,Nanogenerator
5145367,Nanoionics
50250122,Nanomechanical resonator
1390297,Nanomotor
4550348,Nanophotonics
41726381,Nanoprobing
15995191,Nanoradio
33177993,Nanoscale plasmonic motor
52206,Nanowire
15439559,Nanowire battery
55605352,Nanowire laser
4294270,Niemeyer–Dolan technique
45019735,Niobium nanowire
44856539,Non linear piezoelectric effects in polar semiconductors
23079699,Optical modulators using semiconductor nano-structures
12755108,Patterning by etching at the nanoscale
34516380,Piezotronics
1519181,Polaritonics
4898962,Quantum point contact
44379249,Ruselectronics
75488149,Hatef Sadeghi
747290,Silicon on insulator
69832813,Silicon quantum dot
56256205,Single-electron transistor
18952779,Spaser
21534694,Spinmechatronics
8556260,Thermal oxidation
80384537,Variable retention time
39533958,Wearable generator
20214363,Western Institute of Nanoelectronics
20399858,Zinc oxide nanorod sensor
868108,Nanomaterials
36423257,Aerographite
59420823,Ag-Sb2S3
2574259,Aggregated diamond nanorod
33177867,Bacterial cellulose
57976285,Belumosudil
53572933,Boron nitride aerogel
74844675,Nanomaterials and cancer
25279655,Carbide-derived carbon
739628,Carbon nanofoam
61878385,Carbon nanohoop
5320,Carbon nanotube
28254396,Chemical bath deposition
1525765,Cluster (physics)
3544145,"Anthracene-9,10-dithiol"
54186007,Engineering controls for nanomaterials
58838548,European Union Observatory for Nanomaterials
533793,Ferrofluid
48977460,Gallium nitride nanotube
39586666,Graphite-like zinc oxide nanostructure
53376859,Health and safety hazards of nanomaterials
32130816,Hybrid material
29690231,Hybtonite
6520671,Impalefection
69193536,Markita del Carpio Landry
31264994,Laponite
11209942,Lycurgus Cup
69490438,Megalibrary (nanotech)
50698229,Melt blowing
49290419,Metallogels
60129248,Delia Milliron
849843,Nano-RAM
5667589,Nanocomposite
30511252,Nanocrystal solar cell
6966559,Nanocrystalline material
197129,Nanocrystalline silicon
54980110,Nanofilter Tanzania
26720235,Nanofluid
6064049,Nanofoam
21729741,Nanogel
62013142,Nanolattice
3275260,Nanomaterial-based catalyst
36309229,Nanonet
3475308,Nanopillar
2840034,Nanopin film
6308157,Nanoporous materials
1937828,Nanostructure
54195920,Nanostructured film
40858983,Nanotextured surface
4653712,Ormosil
28333458,Peptide amphiphile
61491450,Perovskite nanocrystal
53842069,Petryanov filter
14781912,Polymer nanocomposite
63886215,Polymer-protein hybrid
3147940,Quantum heterostructure
3604712,Sculptured thin film
69821827,Shape control in nanocrystal growth
149881,Medical uses of silver
23907700,Slocum stone
41162315,Stanene
62015338,Strasbourg Institute of Material Physics and Chemistry
39322872,Superhydrophobic coating
67944546,Tantalum diselenide
40518246,Tube-based nanostructure
19905510,Vapor–liquid–solid method
81809379,Vernadite
62817045,Zinc oxide nanostructure
53723703,Antibiotic properties of nanoparticles
77606905,Lajos Balogh (scientist)
68657567,Biohybrid microswimmer
22444556,Carbon nanotubes in medicine
30761035,DNA error
49249936,Drug vectorization
16090917,European Technology Platform Nanomedicine
33661741,Heart nanotechnology
58630953,Host cell protein
45426846,"Institute of Experimental Medicine, Academy of Sciences of the Czech Republic"
76419906,Magnetic nanoparticles in drug delivery
32808114,Monitoring (medicine)
65552008,Madaswamy S. Muthu
48727130,Nano neuro knitting
21880823,Nano-scaffold
30676402,Nanoneedle
59383794,Nanoparticle drug delivery
31726766,Nanoparticle–biomolecule conjugate
41086554,Nanoparticles for drug delivery to the brain
9497908,Nanotoxicology
54492223,Radioactive nanoparticle
41225392,Synthetic antibody
80593311,Synthetic organelles
6470547,Targeted drug delivery
55008417,Tissue nanotransfection
6630855,Transfersome
31838482,Drexler–Smalley debate on molecular nanotechnology
33848849,ISO/TS 80004
23680,There's Plenty of Room at the Bottom
1686926,Why the Future Doesn't Need Us
30332230,Optofluidics
76517743,Bubble laser
48629214,Fluidic force microscopy
542575,Drude model
5081444,Extraordinary optical transmission
66345561,Gap surface plasmon
53902845,Graphene plasmonics
43451826,Hybrid plasmonic waveguide
60376787,International Conference on Surface Plasmon Photonics
38931518,Localized surface plasmon
39832104,Magnetic-plasmonic bifunctional nanoparticles
45057474,Metal–insulator–metal diode
34072435,Multiple layered plasmonics
900733,Plasma oscillation
27481335,Plasmaron
231630,Plasmon
54287671,Plasmon coupling
24465628,Plasmonic laser
39950774,Plasmonic lens
34086984,Plasmonic nanoparticle
25451813,Plasmonic solar cell
52748480,Plexciton
62960782,Heinz Raether
11523749,Spinplasmonics
63677270,Spoof surface plasmon
31671822,Spreeta
66182787,Surface magnon polariton
14553052,Surface plasmon
30868906,Surface plasmon polariton
47482842,Surface plasmon resonance microscopy
3434894,Surface-enhanced Raman spectroscopy
46775890,Tip-enhanced Raman spectroscopy
81117560,Wood's anomaly
31601451,Brus equation
977983,Charge qubit
45669038,Charles Hard Townes Award
875676,Colossal magnetoresistance
48259617,Josephson junction count
26983835,Electrically detected magnetic resonance
5260042,Flux qubit
5905152,Intersubband polariton
10088199,Magnetocapacitance
22313894,Molecular beam
16750945,Multiple exciton generation
3265720,Noise-equivalent flux density
21650344,Phase qubit
13473221,Quantum bus
511547,Quantum dot
23692678,Quantum dot display
7246977,Quantum dot solar cell
1162543,Quantum efficiency
25268,Quantum electrodynamics
2850373,Quantum flux parametron
50425,Quantum Hall effect
3732486,Quantum mirage
13495046,Quantum spin Hall effect
22981865,Quantum tunnelling composite
54076100,The Quantum Vacuum
642886,Quantum well
1327379,Quantum wire
22236319,Quantum-confined Stark effect
667564,Rapid single flux quantum
75962366,Silicon Quantum Electronics Workshop
2623096,Spin valve
61220,Spintronics
42266481,Superconducting computing
1730328,Superconducting quantum computing
24703611,Superconducting tunnel junction
35508439,Transmon
26964158,Trion (physics)
12953027,Tunnel junction
3624741,Two-dimensional electron gas
1511304,Wetting layer
734585,Scanning probe microscopy
31760032,Vibrational analysis with scanning probe microscopy
44893854,Infrared Nanospectroscopy (AFM-IR)
34757567,Atomic force acoustic microscopy
227982,Atomic force microscopy
17526233,Ballistic electron emission microscopy
70867509,Bimodal atomic force microscopy
48751238,Campanile probe
19855700,Chemical force microscopy
24580913,Conductive atomic force microscopy
9591272,Counter-scanning
57688647,Electrochemical AFM
2076540,Electrochemical scanning tunneling microscope
6769823,Electrostatic force microscope
162400,Force spectroscopy
13007684,Friction force microscope
2207911,Kelvin probe force microscope
2200954,Magnetic force microscope
4610407,Magnetic resonance force microscopy
63761382,Mochii
52973193,Nano-FTIR
4216002,Near-field scanning optical microscope
40476464,Non-contact atomic force microscopy
31698140,Photoconductive atomic force microscopy
50229484,Photon scanning microscopy
13553180,Photothermal microspectroscopy
27177206,Piezoresponse force microscopy
57418849,Probe tip
80551218,Quasiparticle interference imaging
11515113,Scanning capacitance microscopy
4399145,Scanning gate microscopy
11917122,Scanning Hall probe microscope
7079848,Scanning ion-conductance microscopy
29427548,Scanning joule expansion microscopy
62383372,Scanning quantum dot microscopy
20670019,Scanning SQUID microscopy
20893805,Scanning thermal microscopy
27774,Scanning tunneling microscope
1959732,Scanning tunneling spectroscopy
864090,Scanning voltage microscopy
8434642,Spin-polarized scanning tunneling microscopy
7200934,Silicon photonics
50871480,LONGi
6424117,Photonic integrated circuit
43112814,Silicon Photonics Cloud
28184481,Silicon Photonics Link
54262313,Pauls Stradiņš Jr
1048518,Supramolecular chemistry
34655565,Carceplex
3972304,Carcerand
1225171,Catenane
2635392,Cavitand
43717327,Circuit topology
35610975,Coordination cage
1904052,Cryptand
4377513,Cryptophane
5340351,Crystal engineering
1846258,Cucurbituril
1335984,Dendrimer
2801321,Dynamic covalent chemistry
2283222,Endohedral fullerene
47393061,Exohedral fullerene
2913762,Foldamer
10607261,Folding (chemistry)
3610312,Graphite intercalation compound
48908651,Grid complex
1697945,Host–guest chemistry
13609,Hydrogen bond
1020643,Hydrophobic effect
42600851,Intercalation (biochemistry)
1697773,Intercalation (chemistry)
14951,Ionic bonding
31508894,J-aggregate
62899094,Kristi Kiick
4048455,Mechanically interlocked molecular architectures
317227,Micelle
2401526,Molecular Borromean ring
44021915,Molecular gyroscope
1938226,Molecular imprinting
1557358,Molecular knot
10115658,Molecular self-assembly
2485027,Non-covalent interaction
13787601,Olympiadane
79308512,Organic molecular cages
20386802,Pi-interaction
1224983,Polycatenane
53989605,Polyrotaxane
61999316,Pyrogallolarenes
42628804,Quasi-crystals (supramolecular)
3998467,Resorcinarene
72452878,Sigma hole interactions
47454037,Spherical aromaticity
3129901,Stacking (chemistry)
48759979,Supermicelle
1557401,Supermolecule
1846298,Supramolecular assembly
41267493,Supramolecular catalysis
9176452,Supramolecular polymer
30275938,Topology (chemistry)
342851,Bilayer
8282634,Carbon film (technology)
16837442,Chameleon coating
37389962,Evaporation suppressing monolayers
59616019,Frank–Van der Merwe growth
15143957,Layer by layer
50850373,Low field magnetoresistance
146630,Monolayer
53663583,Multilayer medium
13337084,Nanomesh
5490772,Octadecyltrichlorosilane
38298878,Perfluorodecyltrichlorosilane
13871411,Plasma-immersion ion implantation
43450635,Refractive index and extinction coefficient of thin film materials
14552970,Stranski–Krastanov growth
23971865,Tauc plot
18717526,Thin-film drug delivery
19236411,Thin-film lithium-ion battery
200947,Thin-film memory
199410,Thin-film transistor
9756583,1 μm process
9758489,1.5 μm process
9758548,3 μm process
46452867,6 μm process
9758579,10 µm process
8214741,130 nm process
9080562,250 nm process
9769974,350 nm process
9769950,600 nm process
9756482,800 nm process
6769438,Advanced Materials
64294715,Applied Nanoscience
10419626,Electrostatic deflection (molecular physics/nanotechnology)
30832988,Fluorescence intermittency
37488173,International Journal of Nanomedicine
25682462,International Journal of Nanoscience
1835541,Ion-beam–assisted deposition
1592850,Ion beam deposition
36591242,Journal of Biomedical Nanotechnology
23885934,Journal of Nanoparticle Research
22132096,Laser ablation synthesis in solution
6828242,Molecular computational identification
47222588,Molecular vapor deposition
25591082,Nano (journal)
32249963,Nano Research
22074782,Nano Today
70925431,Nano-Micro Letters
63526245,Nano-Structures & Nano-Objects
57223553,Nanomaterials (journal)
65574905,Nanophotonics (journal)
38648693,Nanoscale (journal)
32250099,Nanoscale Research Letters
32249901,Nanotechnology (journal)
43173338,Nanotechnology Law & Business
22730057,Nanotoxicology (journal)
38977332,Nanotransfer printing
19581511,Peptization
59634425,Phenine nanotube
32031460,"Proceedings of the Institution of Mechanical Engineers, Part N"
31462586,Rational design
19112023,Small (journal)
81211308,Small Science (journal)
3971333,Space Nanotechnology Laboratory
1225188,Topoisomer
48677845,2D silica
38554590,James R. Von Ehr II
4614165,Luca Cardelli
33817092,Anne Condon
74639333,Hendrik Dietz
45519035,Robert Dirks
53360896,Nataša Jonoska
34852473,Lila Kari
35081596,Thomas LaBean
48660355,Laura Landweber
35044277,Niles Pierce
10804313,John Reif
4465281,Paul W. K. Rothemund
41443948,Georg Seelig
27599412,Nadrian Seeman
35249855,Friedrich Simmel
22841204,Andrew Turberfield
27081915,Erik Winfree
53844684,Bernard Yurke
75144262,Mete Atatüre
78278856,Siu-Wai Chan
65213901,Jonathan Finley
68551501,Anne Goldberg
68571288,Kirill Kavokin
6225845,Paul McEuen
42754865,Teri W. Odom
75417626,Martino Poggio
53930029,Nicola Pugno
68728379,Ramakrishna Podila
56462617,Christian Schönenberger
2086384,Paul Alivisatos
61766819,Vartkess Ara Apkarian
7879361,Harry Atwater
19413327,Tom Baehr-Jones
67345123,Rizia Bardhan
53935928,Moungi Bawendi
70803495,Yıldız Bayazıtoğlu
7923735,Angela Belcher
56275958,Bharat Bhushan (academic)
3990353,David Britz
73200691,Tina Brower-Thomas
2257165,Markus J. Buehler
33433849,Ahmed Busnaina
71874265,Maria Calbi
16738797,David Carroll (physicist)
59273492,Gang Chen (engineer)
70125136,Zhihong Chen
70039038,Hai-Ping Cheng
77740368,Jean Chmielewski
75147198,Laura I. Clarke
55138659,Baratunde A. Cola
62783536,Yi Cui (scientist)
8953559,Hongjie Dai
64432193,Theda Daniels-Race
11770703,Tejal A. Desai
62684129,Jennifer Dionne
1229889,Mildred Dresselhaus
16769,K. Eric Drexler
19658140,F. J. Duarte
34607443,Don Eigler
8203821,Nader Engheta
56190574,Donglei Fan
61346315,Shanhui Fan
25523,Richard Feynman
28000175,Timothy S. Fisher
25795,Robert Freitas
38299391,Jene Golovchenko
743373,Naomi Halas
1349223,J. Storrs Hall
30742002,Mark Hersam
61064243,Jennifer Hollingsworth
52114869,Andres Jaramillo-Botero
52278068,Cherie Kagan
30898508,Richard Kaner
81882172,Efthimios Kaxiras
61291173,Raoul Kopelman
25984,Ray Kurzweil
75090289,Jun Li (chemist)
76501937,Hong Liang
5890897,Charles M. Lieber
41462196,Patrick Lincoln
13293886,ShaChelle Devlin Manning
52102799,G. A. Mansoori
81989506,Jennifer S. Martinez
77565385,Theresa Mayer
207581,Wil McCarthy
18302370,Paul McIntyre (scientist)
10986677,William McLellan (American electrical engineer)
25849,Ralph Merkle
49122302,David A. B. Miller
4051097,Ramez Naam
28880481,Christine Peterson
58996315,Eric Pop
42397277,Matthew Putman (scientist)
2317496,Calvin Quate
76078552,Idalia Ramos (physicist)
7127290,Mark Reed (physicist)
60664791,Sandra J. Rosenthal
44215176,Michael J. Sailor
45488949,Aliasger K. Salem
79413457,Sheldon Schultz
15660489,Vladimir Shalaev
72053041,Evgenya Simakov
25814,Richard Smalley
78171781,Henry I. Smith
68034443,Mark Stockman
64205297,Rhonda Stroud
1791478,James Tour
24667551,Greg Tseng
63434796,Thomas J. Webster
1806592,Paul Weiss (nanoscientist)
76017050,William L. Wilson (nanoscientist)
59576318,Joyce Wong
48521693,Jackie Yi-Ru Ying
79704742,Nasim Amiralian
57738472,Michael Fuhrer
75332030,Baohua Jia
46265614,Yuri Kivshar
50272406,Max Lu
37890988,Michelle Simmons
54801476,Jeremy Baumberg
26020269,Hagan Bayley
66579651,Helen Burt
46739606,Shareen Doak
17054160,Andre Geim
55546291,Nicole Grobert
14467,Harry Kroto
58090979,Andrew D. Maynard
74909427,Moein Moghimi
28848171,Konstantin Novoselov
58610744,Rachel Oliver (materials scientist)
62860232,Zoe Pikramenou
23544633,Gordon Wallace (nanotechnologist)
1387414,Mark Welland
53837245,Jillian Buriak
34844061,Bai Chunli
74710664,Duan Huiling
71522446,Feng Liu (physicist)
61471676,Hai-Quan Mao
49874045,Yue Qi
69655959,Zhong Lin Wang
62443536,Zhang Jin (physical chemist)
76600617,Xiaoying Zhuang
14705768,Cees Dekker
46963481,René Janssen
75288547,Gijsje Koenderink
63448504,Laurent Levy
3302373,Jean-Pierre Sauvage
79844167,Clemens Burda
3025147,Harald Fuchs
57472188,Andreas J. Heinrich
41170494,Ulrich Mescheder
52277736,Wolfgang Parak
58845421,Heike Riel
76234846,Cynthia Volkert
53718179,Maria Flytzani-Stephanopoulos
20887787,Nicholas A. Peppas
55918423,Michael Tsapatsis
57195724,Dionisios Vlachos
1111018,Pulickel Ajayan
24320723,Sangeeta Bhatia
59692305,Pritam Deb
18189118,Anita Goel
41222225,Lakshmi Kantam
25011382,Shashi P. Karna
40361717,Sulabha K. Kulkarni
56144908,Owais Mohammad
52240290,Jiban Jyoti Panda
15959692,Thalappil Pradeep
56358685,Ashok M. Raichur
52451048,Srinivasan Sampath
26064726,Milan K. Sanyal
52430382,Murali Sastry
46637978,Prasenjit Sen
77095667,Ashwin Seshia
41397540,Ashutosh Sharma (chemical engineer)
44145368,Ajay K. Sood
57058563,Vijay Kumar Thakur
52432017,K. George Thomas
70666924,Mohsen Adeli
70637307,Ghassem Amoabediny
2540808,Fereydoon Family
73916998,Arash Ghorbani-Choghamarani
78113704,Mohsen Izadi
69575771,Morteza Mahmoudi
61895909,Hashem Rafii Tabar
62357093,Uri Banin
18297987,Ehud Gazit
78604454,Kinneret Keren
65435579,Eran Rabani
63915831,Ester H. Segal
63671100,Yoav Shechtman
3047172,Reshef Tenne
36581992,Andrea Alù
57993626,Cinzia Casiraghi
68026236,Gianni Ciofani
60416516,Valeria Nicolosi
42938399,Paolo Samorì
77577858,Maria Sabrina Sarto
22061150,Takuzo Aida
8784032,Isamu Akasaki
47090776,Hideyuki Arata
18093224,Morinobu Endo
217832,Leo Esaki
19322100,Mitsutaka Fujita
710106,Sumio Iijima
19713200,Hiromichi Kataura
18823024,Satoshi Kawata
45299410,Hideo Ohno
25008399,Katsunori Wakabayashi
28463315,Naoki Yokoyama
47474151,Richard Blaikie
42928589,Nicola Gaston
27846134,Alexey Ekimov
51229263,Leonid Keldysh
44903844,Maria Tchernycheva
32692400,Claes-Göran Granqvist
62194286,Peter Nordlander
64227074,Hatice Altug
23078417,Hilmi Volkan Demir
6690886,Ekmel Özbay
11963281,Rusnano
44240443,Avengers: Infinity War
41677925,Black Panther (film)
13154268,Dante 01
14733483,The Day the Earth Stood Still (2008 film)
22144990,Iron Man 3
73168096,Karmalink
948337,The Manchurian Candidate (2004 film)
225615,Terminator 3: Rise of the Machines
39306741,Transcendence (2014 film)
56133,Battle Angel Alita
896330,Chasm City
17788656,Crysis Warhead
8484,Deus Ex (video game)
360793,Deus Ex: Invisible War
26188309,Generator Rex
78183508,Jason X: Death Moon
78081437,Jason X: Planet of the Beast
77911063,Jason X: The Experiment
78259012,Jason X: To the Third Power
379018,Metal Gear
28271178,Benderama
27994180,A Clockwork Origin
7424498,Ghost Machine (Torchwood)
8622538,Inside Man (Star Trek: Voyager)
52243241,Invasion! (Arrowverse)
12449703,Mortal Coil (Star Trek: Voyager)
3470558,Parasites Lost
8457013,Retrospect (Star Trek: Voyager)
53694621,Smile (Doctor Who)
1711298,Center for Functional Nanomaterials
707340,Center for Nanophase Materials Sciences
707088,Center for Nanoscale Materials
707137,Molecular Foundry
47611603,Egypt Nanotechnology Center
6169457,Nile University
47598817,"Zewail City of Science, Technology and Innovation"
78918887,1 nm process
65397747,2 nm process
60525279,3 nm process
31882635,5 nm process
31907313,7 nm process
16567591,10 nm process
8293122,14 nm process
7542898,22 nm process
3847486,32 nm process
30865421,45 nm process
1819403,65 nm process
1063647,90 nm process
8214920,180 nm process
76224343,28 nm process
6265929,Acene
9082922,Dielectric elastomers
2739699,Metal rubber
4383471,Nanofiber seeding
14247668,PEDOT-TMA
2468107,PEDOT:PSS
54069386,Photoconductive polymer
44854262,PIDA (polymer)
3234313,"Poly(3,4-ethylenedioxythiophene)"
24769245,Polyaniline nanofibers
733274,Polydiacetylenes
17600071,Polydioctylfluorene
52220443,Polyisothianaphthene
11833672,Polystannane
4937777,Polythiazyl
5445494,Tritellurium dichloride
287668,Anthracene
3753827,"9,10-Bis(phenylethynyl)anthracene"
5518616,"5,12-Bis(phenylethynyl)naphthacene"
5518588,"1-Chloro-9,10-bis(phenylethynyl)anthracene"
12106733,"2-Chloro-9,10-bis(phenylethynyl)anthracene"
1528889,"6,6'-Dibromoindigo"
13955542,Diindenoperylene
3090377,"9,10-Diphenylanthracene"
4605324,Hexacene
50363,Indigo dye
66082562,Lutetium phthalocyanine
34051196,Organic photorefractive materials
3090068,Pentacene
29380486,Perfluoropentacene
2554990,Perylene
44200907,Perylenetetracarboxylic dianhydride
33795015,Polysilane
1548303,Quinacridone
3090294,Rubrene
3090561,Tetracene
4268863,Tetracyanoquinodimethane
64723881,Luisa Torsi
16061714,Catastrophin
39110947,DCTN6
14457042,Dynactin
609812,Dynein
43076592,"Dynein, axonemal, heavy chain 14"
8593160,Forisome
16045068,Heavy meromyosin
31656267,KIF1A
15228130,KIF1C
16850535,KIF2A
16850556,KIF3C
14776684,KIF4A
71869948,KIF4B
14771100,KIF5B
15346514,KIF5C
71869980,KIF7
71870007,KIF9
71870067,KIF12
14881859,KIF18A
74604869,KIF18B
71912158,KIF19
609808,Kinesin
17623931,Kinesin 8
4138132,Kinesin 13
13347566,Meromyosin
23518576,Motility protein A
26460789,Motility protein B
26680317,MYO1G
11224018,MYO7A
479392,Myosin
14590163,Myosin light chain
2839471,Myosin-7
29071827,PomA
56176182,PomB
4360492,Telokin
19081158,Bio-MEMS
15399117,Electromechanical modeling
78975978,Epoxy molding compounds
46181962,Elise Harmon
43997661,InvenSense
77030773,Journal of Microelectromechanical Systems
28281728,Fariborz Maseeh
32836952,Microelectromechanical system oscillator
19638,MEMS
22763312,Micromirror device
33688973,Microscanner
58296445,Piezoelectric microelectromechanical systems
12368347,Radio-frequency microelectromechanical system
1183515,Scratch drive actuator
669367,Smartdust
31591503,Surface acoustic wave sensor
49642031,Surface activated bonding
74210027,T-MOS thermal sensor
57787323,Three-Axis Acceleration Switch
22938418,Bacterial nanowires
1234517,Nanoparticle
16422485,Ultrafine particle
76382774,Aquasome
78053369,Bijel
36845407,3D cell culturing by magnetic levitation
54992011,Characterization of nanoparticles
76571607,Decahedral nanoparticle
79834042,Erythrocyte membrane-coated nanoparticles
44391001,Exploding wire method
76067772,Extended Wulff constructions
76067366,Fiveling
36771515,Fluorescence intermittency in colloidal nanocrystals
79569237,Icosahedral nanoparticle
78943333,Icosahedral twin
40911082,Icosahedral twins
47965690,Magnetically assisted slip casting
54193704,Magnetoelastic filament
71946723,Metal–organic biohybrid
78870591,Modified Wulff construction
76571601,Multiply-twinned particle
24118168,Nano spray dryer
3051710,Nano-thermite
44466572,Nanocluster
45160933,Nanocomposite hydrogels
10185698,Nanogeoscience
54741842,Nanoparticle deposition
69739403,Nanoparticle interfacial layer
4366478,Nanoparticle tracking analysis
39631094,Self-assembly of nanoparticles
78870580,Summertop construction
39169481,Synthesis of nanoparticles by fungi
78870575,Winterbottom construction
64044793,Artificial lattice
39726926,Nanosheet
43589512,Single-layer materials
53572964,Boron nitride nanosheet
19657494,Dibutyltin oxide
74343252,Ferecrystals
39092570,Germanane
43794088,Germanene
76682546,Goldene
21330156,Graphane
911833,Graphene
49752039,Graphene boron nitride nanohybrid materials
34948347,Graphyne
64005900,Magnetic 2D materials
4436162,Palladium dicyanide
55734964,Penta-silicene
41017951,Peptoid nanosheet
60828455,Plumbene
31324594,Silicene
46173686,Titanate nanosheet
45700548,Two-dimensional semiconductor
24434579,"Artificial Cells, Nanomedicine, and Biotechnology"
32474913,Biofabrication (journal)
42332421,Biomaterials (journal)
32474776,Biomedical Materials (journal)
33095373,Journal of Biomaterials Applications
36869911,Journal of Biomedical Materials Research
24633672,Journal of Materials Science: Materials in Medicine
72374204,Nano Biomedicine and Engineering
36602810,Nanomedicine (Elsevier journal)
46634853,Nanomedicine (Future Medicine journal)
77607460,Precision Nanomedicine
81681997,ACS Applied Nano Materials
21707051,ACS Nano
43163300,ACS Photonics
6808830,Advanced Functional Materials
42228214,APL Materials
9661075,Applied Physics A
59752838,Beilstein Journal of Nanotechnology
20980387,Carbon (journal)
12953321,IEEE Journal of Quantum Electronics
77012880,IEEE Transactions on Nanotechnology
31169638,Journal of Cluster Science
31156739,Journal of Experimental Nanoscience
76989062,"Journal of Micro/Nanopatterning, Materials, and Metrology"
67606438,Journal of Nanophotonics
29696558,Journal of Nanoscience and Nanotechnology
15438395,The Journal of Physical Chemistry C
24619074,Journal of Sol-Gel Science and Technology
7613472,Lab on a Chip (journal)
70851089,Nano Energy
21828841,Nano Letters
4647936,Nature Nanotechnology
61103511,Nature Reviews Materials
27937630,Photonics and Nanostructures: Fundamentals and Applications
64319867,Plasmonics (journal)
50876594,Surface Science (journal)
336994,Engines of Creation
34580174,Antisymmetric exchange
22802888,Biexciton
62319780,Bipolar magnetic semiconductor
64366502,Center for Quantum Spintronics
7153781,Michael Coey
376845,Cooper pair
55852028,Dresselhaus effect
9804,Electric charge
9476,Electron
43471605,Extraordinary magnetoresistance
23355682,Flux pumping
49817168,Germanium-vacancy center in diamond
1002128,Giant magnetoresistance
8033091,Half-metal
2655717,Heusler compound
1667554,Magnetic semiconductor
59268121,Magneto-electric spin-orbit
44726,Magnetoresistance
315008,Magnetoresistive RAM
14461309,Nitrogen-vacancy center
2877265,Stuart Parkin
24669,Pauli exclusion principle
8806722,Planar Hall sensor
44596,Positronium
5143623,Rabi problem
13276879,Racetrack memory
33034775,Rashba effect
64345806,Rashba–Edelstein effect
72416325,Sasikanth Manipatruni
46753817,Silicon-vacancy center in diamond
38097000,Spin canting
31781064,Spin engineering
51921147,Spin gapless semiconductor
5496415,Spin Hall effect
55287973,Spin Hall magnetoresistance
55965344,Spin Nernst Effect
2459057,Spin polarization
5447381,Spin pumping
1534314,Spin transistor
1871162,Spin–orbit interaction
5914496,Spin-transfer torque
57687722,Spinterface
962171,Stern–Gerlach experiment
26884,Superconductivity
1381368,Superlattice
845722,Tunnel magnetoresistance
26915887,Voigt–Thomson law
43744246,The Machine (computer architecture)
42937,Photodiode
7490319,Silicon photomultiplier
1255740,Clathrate compound
70500748,Antimonide bromide
42242866,Chibaite
5069503,Clathrate gun hypothesis
2642301,Dianin's compound
46304958,Urea extraction crystallization
1075926,Crown ether
5317576,9-Crown-3
15561312,12-Crown-4
15561485,15-Crown-5
3173552,18-Crown-6
57752176,21-Crown-7
12829194,Dibenzo-18-crown-6
1572944,"1,4-Dioxane"
25157811,Metallacrown
27140749,Dendrosome
22808473,Ferrocene-containing dendrimers
26427482,Metallodendrimer
67620089,PG5
41237117,Poly(amidoamine)
15417,Intermolecular force
835157,Adhesion
26028285,Buckingham potential
2237309,Cohesion (chemistry)
46316026,Combining rules
69164293,Compliance constants
16702705,Dispersive adhesion
50346067,Effective fragment potential method
72155088,Flowability
2916615,Force field (chemistry)
14350687,Halogen bond
15544038,Hamaker constant
5436866,Hamaker theory
2028282,Hellmann–Feynman theorem
29287934,Hydrophile
14136,Hydrophobe
47618620,Silicon organic water repellent
22323371,Hydrophobicity scales
20639064,Interbilayer forces in membrane fusion
64170778,Interface force field
30864881,Jacob Israelachvili
227686,Lennard-Jones potential
355547,London dispersion force
67417478,Mie potential
547400,Molecular mechanics
41240510,Morse/Long-range potential
23596560,Optical contact bonding
10422831,Pair potential
76571911,Pnictogen bond
33996996,Stefan adhesion
1949793,Surface forces apparatus
113302,Surface tension
3169559,Ultrahydrophobicity
70657,Van der Waals force
70651,Van der Waals radius
14241105,Van der Waals surface
169448,Membrane topology
80835266,Olympic gel
35857512,Protein topology
10617036,Residual topology
1832781,Superhelix
75845271,Porous polymer
22272874,Covalent organic framework
20386463,Thin-film solar cell
50037064,Amorphous silicon
21054852,Anwell Technologies
19753612,Black silicon
19690850,Cadmium telluride photovoltaics
1932063,Dye-sensitized solar cell
43845714,Perovskite solar cell
5633169,Protocrystalline
27092360,Angel gilding
3607910,Atomic layer deposition
3593667,Atomic layer epitaxy
77269960,Manuel Bibes
2978332,Cathodic arc deposition
3593867,Chemical beam epitaxy
6111,Chemical vapor deposition
60597923,Close-space sublimation
25122527,Combustion chemical vapor deposition
1821411,Diamond-like carbon
4444573,Dip-coating
5282056,Electron-beam physical vapor deposition
12765046,Electrostatic spray-assisted vapour deposition
449756,Epitaxy
10303,Evaporation
8964614,Evaporation (deposition)
2980233,Focused ion beam
30488622,Friction surfacing
14685581,Hybrid physical–chemical vapor deposition
4616444,Hydride vapour-phase epitaxy
1592806,Ion beam
32701959,Ion layer gas reaction
3183229,Ion plating
6639797,Island growth
55262478,Landau–Levich problem
2594101,Langmuir (unit)
56495543,Laser chemical vapor deposition
39295868,Lely method
61186777,Low-energy plasma-enhanced chemical vapor deposition
2925575,Metalorganic vapour-phase epitaxy
59207188,Molecular layer deposition
450052,Molecular-beam epitaxy
66580770,Pechini process
6086928,Physical vapor deposition
8603211,Plasma-enhanced chemical vapor deposition
1208416,Plating
710045,Pulsed laser deposition
47842319,Rotating pocket heater
75248449,Sequential infiltration synthesis
747222,Silicon on sapphire
1701055,Sol–gel process
2436311,Spin coating
9084531,Sputter deposition
28627,Sputtering
39933282,Sublimation sandwich method
60672870,Surface growth
7068038,Thermal barrier coating
68675721,Thermal laser epitaxy
6434629,Thermal spraying
2960512,Tinning
2554508,Tinplate
5547312,Vacuum deposition
3672150,Vacuum evaporation
1802096,Wake Shield Facility
49791868,FlexEnable
6648322,Flexible display
40474939,Human Media Lab
54868300,Nubia Technology
19591977,Organic user interface
34154,PARC (company)
9749776,Plastic Logic
61872977,Xiaomi Mi MIX Alpha
19134706,Anti-scratch coating
65295885,Crystalline coatings
36084530,Depth-graded multilayer coating
1517769,Dichroic filter
4126880,Dichroic glass
584207,Dichroic prism
584887,Optical coating
917126,Smart glass
27301235,Thin-film interference
